puntaje,titulo,institucion,cantidad_opiniones
4.552238805970149,Aboriginal Worldviews and Education,University of Toronto,67
4.466666666666667,Access Controls,(ISC)²,45
4.395299145299146,Accounting Analytics,University of Pennsylvania,468
3.5,Accounting Data Analytics with Python,University of Illinois at Urbana-Champaign,8
4.845849802371541,Actualización en el manejo del paciente con diabetes mellitus tipo 2,Universidad Nacional Autónoma de México,253
4.5479452054794525,The Addicted Brain,Emory University,438
4.924812030075188,Addiction Treatment: Clinical Skills for Healthcare Providers,Yale University,133
4.572192513368984,"Advanced Valuation and Strategy - M&A, Private Equity, and Venture Capital",Erasmus University Rotterdam,187
4.663421418636996,Agile with Atlassian Jira,Atlassian,719
4.845112374763065,AI For Everyone,DeepLearning.AI,7386
4.583657587548638,AI for Medical Diagnosis,DeepLearning.AI,257
4.747126436781609,AI for Medical Prognosis,DeepLearning.AI,87
4.535564853556485,Algorithmic Toolbox,University of California San Diego,1912
4.835374149659864,An Introduction to American Law,University of Pennsylvania,735
4.5539617486338795,Business Metrics for Data-Driven Companies,Duke University,1464
3.71267252195734,Mastering Data Analysis in Excel,Duke University,797
4.808764940239044,Anatomy: Musculoskeletal and Integumentary Systems,University of Michigan,251
4.8075,Animal Behaviour and Welfare,The University of Edinburgh,800
4.1891891891891895,Antibiotic Stewardship,Stanford University,37
4.851948051948052,Anticorrupción: Introducción a conceptos y perspectiva práctica,Universidad Nacional Autónoma de México,385
4.509466437177281,Applied Data Science Capstone,IBM,581
4.919417475728156,Aprendiendo a aprender: Poderosas herramientas mentales con las que podrás dominar temas difíciles (Learning How to Learn),University of California San Diego,3090
4.205154639175258,Introducción a la programación en Python I: Aprendiendo a programar con Python,Pontificia Universidad Católica de Chile,970
4.852941176470588,International Law in Action: the Arbitration of International Disputes,Universiteit Leiden,102
4.793478260869565,Arts and Heritage Management,Università Bocconi,184
4.883544303797469,Astronomy: Exploring Time and Space,University of Arizona,790
3.2857142857142856,Natural Language Processing with Attention Models,DeepLearning.AI,21
4.905096660808436,Hacia una práctica constructivista en el aula,Pontificia Universidad Católica de Chile,569
4.634854771784233,Autism Spectrum Disorder,"University of California, Davis",482
4.728971962616822,Autodesk Certified Professional: AutoCAD for Design and Drafting Exam Prep,Autodesk,321
4.672897196261682,Autodesk Certified Professional: Revit for Architectural Design Exam Prep,Autodesk,107
4.162698412698413,AWS Fundamentals: Addressing Security Risk,Amazon Web Services,252
4.680155210643015,AWS Fundamentals: Going Cloud-Native,Amazon Web Services,1804
4.413344887348353,Getting Started with AWS Machine Learning,Amazon Web Services,1154
4.589435774309724,Basic Statistics,University of Amsterdam,833
4.255813953488372,Building Batch Data Pipelines on GCP,Google Cloud,129
4.4484375,Bayesian Statistics: From Concept to Data Analysis,"University of California, Santa Cruz",640
4.7994296577946765,Digital Transformation,BCG,1052
4.762755102040816,EDIVET: Do you have what it takes to be a veterinarian?,The University of Edinburgh,392
4.672413793103448,Beyond the Sustainable Development Goals (SDGs): Addressing Sustainability and Development,University of Michigan,58
3.484126984126984,"Big Data Essentials: HDFS, MapReduce and Spark RDD",Yandex,126
4.567393458870169,Introduction to Big Data,University of California San Diego,2018
4.786096256684492,Big History: Connecting Knowledge,Macquarie University,374
4.70042194092827,Biohacking Your Brain's Health,Emory University,237
4.061889250814332,Biology Meets Programming: Bioinformatics for Beginners,University of California San Diego,307
4.503150315031503,Blockchain Basics,University at Buffalo,1111
4.813981762917933,Front-End Web UI Frameworks and Tools: Bootstrap 4,The Hong Kong University of Science and Technology,1645
4.8964252978918426,"Brand Management: Aligning Business, Brand and Behaviour",London Business School,1091
4.962962962962963,Bugs 101: Insect-Human Interactions,University of Alberta,297
4.888130968622101,Build a Modern Computer from First Principles: From Nand to Tetris (Project-Centered Course),Hebrew University of Jerusalem,733
5.0,Building Modern Python Applications on AWS,Amazon Web Services,1
4.877737226277373,English for Business and Entrepreneurship,University of Pennsylvania,1096
4.801047120418848,Business English: Networking,University of Washington,573
4.734939759036145,Business Model Innovation,HEC Paris,83
4.718232044198895,Business Transformation with Google Cloud,Google Cloud,181
4.546318289786223,C for Everyone: Programming Fundamentals,"University of California, Santa Cruz",842
4.729651162790698,Основы разработки на C++: белый пояс,Moscow Institute of Physics and Technology,344
4.564367816091954,Camino a la Excelencia en Gestión de Proyectos,Pontificia Universidad Católica de Chile,1740
4.803427419354839,Introduction to the Biology of Cancer,Johns Hopkins University,992
4.865221808330511,English for Career Development,University of Pennsylvania,2953
4.769953051643192,The Truth About Cats and Dogs,The University of Edinburgh,426
4.850746268656716,Challenging Forensic Science: How Science Should Speak to Court,University of Lausanne,67
4.3090909090909095,Leading transformations: Manage change,Macquarie University,55
4.790816326530612,Chemicals and Health,Johns Hopkins University,196
4.636363636363637,Understanding child development: from synapse to society,Utrecht University,44
4.770538243626063,Child Nutrition and Cooking,Stanford University,2118
4.627976190476191,Children's Human Rights - An Interdisciplinary Introduction,University of Geneva,336
4.86892177589852,Introdução à Ciência da Computação com Python Parte 1,Universidade de São Paulo,1419
4.867961165048544,Classical Sociological Theory,University of Amsterdam,515
4.402439024390244,Natural Language Processing with Classification and Vector Spaces,DeepLearning.AI,328
4.73992673992674,Data Management for Clinical Research,Vanderbilt University,273
4.8317460317460315,Understanding Clinical Research: Behind the Statistics,University of Cape Town,630
4.815461346633416,Clinical Terminology for International and U.S. Students,University of Pittsburgh,401
4.736730360934183,Design and Interpretation of Clinical Trials,Johns Hopkins University,471
4.8164556962025316,Essentials in Clinical Simulations Across the Health Professions,The George Washington University,158
4.285714285714286,Getting Started with Azure,LearnQuest,63
4.653916211293261,Reliable Google Cloud Infrastructure: Design and Process,Google Cloud,549
4.847319347319347,Communication Strategies for a Virtual Age,University of Toronto,858
4.53125,Community Organizing for Social Justice,University of Michigan,32
4.842298288508557,Managing the Company of the Future,London Business School,818
4.7855855855855856,"Competencias digitales. Herramientas de ofimática (Microsoft Word, Excel, Power Point)",Universitat Autònoma de Barcelona,1110
4.310344827586207,"Competencias Laborales: Perfiles, Evaluación y Capacitación.",Universidad de Chile,87
4.53932584269663,Computational Neuroscience,University of Washington,178
4.625482625482626,Computational Thinking for Problem Solving,University of Pennsylvania,259
4.628921670475795,The Bits and Bytes of Computer Networking,Google,4813
4.753846153846154,Construction Project Management,Columbia University,845
4.763168316831683,Contabilidad para no contadores,Universidad Nacional Autónoma de México,2525
4.796610169491525,Population Health During A Pandemic: Contact Tracing and Beyond,University of Houston,118
4.318181818181818,Building Containerized Applications on AWS,Amazon Web Services,44
4.7534246575342465,What Is Contemporary Art?,The Museum of Modern Art,292
4.4655172413793105,The Strategy of Content Marketing,"University of California, Davis",812
4.852941176470588,American Contract Law I,Yale University,102
4.843971631205674,Rédaction de contrats,University of Geneva,141
4.2314410480349345,Building Conversational Experiences with Dialogflow,Google Cloud,229
3.8553750966744005,Convolutional Neural Networks,DeepLearning.AI,1293
4.469640644361834,Convolutional Neural Networks in TensorFlow,DeepLearning.AI,807
4.633333333333334,Corporate Sustainability. Understanding and Seizing the Strategic Opportunity,Università Bocconi,90
4.842592592592593,Corporate & Commercial Law I: Contracts & Employment Law,University of Illinois at Urbana-Champaign,108
4.855652173913043,Corporate Finance Essentials,IESE Business School,575
4.875,Corporate Strategy,UCL School of Management,144
4.736413043478261,"Corrección, estilo y  variaciones de la lengua española",Universitat Autònoma de Barcelona,368
4.84,New Approaches to Countering Terror: Countering Violent Extremism,"University of Maryland, College Park",25
4.428571428571429,COVID-19 Contact Tracing For Nursing Professionals,University of Houston,7
4.838901262063845,COVID-19: What You Need to Know (CME Eligible),Osmosis,1347
4.648854961832061,Creative Writing: The Craft of Plot,Wesleyan University,1048
4.619565217391305,A Crash Course in Causality:  Inferring Causal Effects from Observational Data,University of Pennsylvania,92
4.456140350877193,Creative Problem Solving,University of Minnesota,513
4.746987951807229,Creative Thinking: Techniques and Tools for Success,Imperial College London,664
4.78486646884273,Cryptography I,Stanford University,674
4.608355091383812,Object-Oriented Data Structures in C++,University of Illinois at Urbana-Champaign,383
4.670103092783505,Ordered Data Structures,University of Illinois at Urbana-Champaign,97
4.75,Cultural Competence - Aboriginal Sydney,The University of Sydney,44
1.0,Curanderismo: Traditional Healing Using Plants,University of New Mexico,6
4.722222222222222,Customer Segmentation and Prospecting,Northwestern University,162
4.511363636363637,Cybersecurity Compliance Framework & System Administration,IBM,176
4.406976744186046,"Cybersecurity Roles, Processes & Operating System Security",IBM,344
4.43194925028835,Data Analysis with Python,IBM,1734
4.87481590574374,Data Analytics for Lean Six Sigma,University of Amsterdam,679
4.604444444444445,Modernizing Data Lakes and Data Warehouses with GCP,Google Cloud,225
4.6875,Research Data Management and Sharing,The University of Edinburgh,128
4.6,Foundations of Data Science: K-Means Clustering in Python,University of London,80
4.338389731621937,Data Science Methodology,IBM,1714
4.4799070076386585,The Data Scientist’s Toolbox,Johns Hopkins University,6022
4.304393305439331,Fundamentals of Visualization with Tableau,"University of California, Davis",956
4.479629629629629,Database Management Essentials,University of Colorado System,540
4.449943117178612,Data Science Math Skills,Duke University,1758
4.5073995771670194,Data-driven Decision Making,PwC,946
4.801784266017843,"Improving Deep Neural Networks: Hyperparameter tuning, Regularization and Optimization",DeepLearning.AI,6165
4.860091743119266,Democracia y decisiones públicas. Introducción al análisis de políticas públicas,Universitat Autònoma de Barcelona,436
4.8530805687203795,Introduction to Dental Medicine,University of Pennsylvania,211
4.84375,Dentistry 101,University of Michigan,32
4.077922077922078,Dermatology: Trip to skin,Novosibirsk State University ,77
4.622222222222222,Design-Led Strategy: Design thinking for business strategy and entrepreneurship,The University of Sydney,135
4.84789644012945,Developing Your Musicianship,Berklee College of Music,309
4.8108108108108105,DevOps Culture and Mindset,"University of California, Davis",74
4.488888888888889,Introduction to the Digital Advertising Landscape,University of Colorado Boulder,45
4.495412844036697,Digital Business Models,Lund University,109
4.9221476510067115,Dino 101: Dinosaur Paleobiology,University of Alberta,745
4.833333333333333,Discrete Optimization,The University of Melbourne,120
4.658333333333333,Diversity and inclusion in the workplace,ESSEC Business School,120
4.628787878787879,Web Application Technologies and Django,University of Michigan,132
4.661259541984733,Dog Emotion and Cognition,Duke University,1048
4.858173076923077,Introduction aux Droits de l’Homme,University of Geneva,416
4.6092715231788075,Drug Commercialization,University of California San Diego,151
4.520766773162939,Drug Development,University of California San Diego,313
4.580310880829016,Drug Discovery,University of California San Diego,386
4.0,Fundamentals of Scalable Data Science,IBM,355
4.124386252045826,Behavioral Finance,Duke University,611
4.533483146067415,"Programming Foundations with JavaScript, HTML and CSS",Duke University,2225
4.747282608695652,Supporting children with difficulties in reading and writing,University of London,368
4.852362204724409,Ecology: Ecosystem Dynamics and Conservation,Howard Hughes Medical Institute ,508
4.90566037735849,Effective Compliance Programs,University of Pennsylvania,53
4.899135446685879,Understanding Einstein: The Special Theory of Relativity,Stanford University,694
4.542168674698795,e-Learning Ecologies: Innovative Approaches to Teaching and Learning for the Digital Age,University of Illinois at Urbana-Champaign,83
4.682926829268292,Electric Industry Operations and Markets,Duke University,164
4.671309192200557,Introduction to Electronics,Georgia Institute of Technology,359
4.368421052631579,Embedded Software and Hardware Architecture,University of Colorado Boulder,57
4.844262295081967,EMT Foundations,University of Colorado System,122
4.91588785046729,Développement psychologique de l'enfant,University of Geneva,107
4.701298701298701,Engineering Health: Introduction to Yoga and Physiology,New York University,77
4.764383561643836,Introduction to Engineering Mechanics,Georgia Institute of Technology,730
4.569832402234637,English Composition I,Duke University,179
4.91411501120239,Teach English Now! Foundational Principles,Arizona State University,2678
4.896551724137931,Cursos en línea: modelo para armar,Universidad Nacional Autónoma de México,58
4.545454545454546,Enterprise Architecture,Peter the Great St. Petersburg Polytechnic University,33
4.745762711864407,Devenir entrepreneur du changement,HEC Paris,177
1.0,Entrepreneurship Strategy: From Ideation to Exit,HEC Paris,6
5.0,Entreprise et changement climatique,ESSEC Business School,2
4.871892925430211,Introduction to Environmental Law and Policy,The University of North Carolina at Chapel Hill,523
4.737179487179487,"Epidemics, Pandemics and Outbreaks",University of Pittsburgh,468
4.6520710059171595,Epidemiology: The Basic Science of Public Health,The University of North Carolina at Chapel Hill,845
4.635371179039302,Essential Epidemiologic Tools for Public Health Practice,Johns Hopkins University,458
1.0,Epigenetic Control of Gene Expression,The University of Melbourne,6
4.892857142857143,Equine Welfare and Management,"University of California, Davis",56
4.465,Econometrics: Methods and Applications,Erasmus University Rotterdam,200
4.857651245551601,Essentials of Global Health,Yale University,281
4.709976798143852,Marketing Digital,Universidade de São Paulo,431
4.845121951219512,Étudier en France: French Intermediate course B1-B2,École Polytechnique,820
4.709219858156028,European Business Law: Understanding the Fundamentals,Lund University,141
4.709302325581396,Everyday Chinese Medicine,The Chinese University of Hong Kong,172
4.755775577557756,"Everyday Excel, Part 1",University of Colorado Boulder,303
4.95,"Everyday Excel, Part 2",University of Colorado Boulder,40
4.929530201342282,Everyday Parenting: The ABCs of Child Rearing,Yale University,596
4.6825,Excel Skills for Business: Advanced,Macquarie University,800
4.719626168224299,Excel aplicado a los negocios (Nivel Avanzado),Universidad Austral,642
4.675745784695201,Introduction to Data Analysis Using Excel,Rice University,1542
4.587628865979381,Excel Fundamentals for Data Analysis,Macquarie University,97
4.888301477565406,Excel Skills for Business: Essentials,Macquarie University,7377
4.8965360072926165,Excel Skills for Business: Intermediate I,Macquarie University,2194
4.731417244796829,Excel Skills for Business: Intermediate II,Macquarie University,1009
4.8064,Fundamentos de Excel para Negocios,Universidad Austral,1250
4.817808219178082,"Excel/VBA for Creative Problem Solving, Part 1",University of Colorado Boulder,730
4.73469387755102,L'excellence opérationnelle en pratique,ESSEC Business School,98
4.790322580645161,Exploring Renewable Energy Schemes,University of Pennsylvania,62
4.727357609710551,"Cameras, Exposure, and Photography",Michigan State University,1071
4.605263157894737,Personal & Family Financial Planning,University of Florida,380
4.8279773156899815,Fashion as Design,The Museum of Modern Art,529
4.393939393939394,Fundamentals of Engineering Exam Review,Georgia Institute of Technology,132
4.818998716302953,Feminism and Social Justice,"University of California, Santa Cruz",779
4.814516129032258,Finance for Non-Finance Professionals,Rice University,372
4.130434782608695,Finance for Non-Financial Managers,Emory University,69
3.888888888888889,Fundamentals of Finance,University of Pennsylvania,9
4.252336448598131,Financial Acumen for Non-Financial Managers,University of Pennsylvania,107
4.365196078431373,Financial Engineering and Risk Management Part I,Columbia University,408
4.811454311454312,Financial Markets,Yale University,3108
4.414634146341464,Financial Planning for Young Adults,University of Illinois at Urbana-Champaign,82
4.898058252427185,Fundamentos de Finanzas Empresariales,Universidad de los Andes,1442
4.803474903474903,Finanzas personales,Universidad Nacional Autónoma de México,2590
4.795221843003413,Finding Purpose and Meaning In Life: Living for What Matters Most,University of Michigan,293
4.825688073394495,FinTech Law and Policy,Duke University,109
4.863013698630137,Les Fondamentaux de la Négociation,ESSEC Business School,73
4.693655589123867,Stanford Introduction to Food and Health,Stanford University,4965
4.815384615384615,Food & Beverage Management,Università Bocconi,715
4.701030927835052,Forensic Accounting and Fraud Examination,West Virginia University,873
4.84593023255814,Introduction to Forensic Science,"Nanyang Technological University, Singapore",344
4.8152866242038215,Foundations for Big Data Analysis with SQL,Cloudera,157
4.82051282051282,Foundations of Mindfulness,Rice University,39
4.602787456445993,Front-End Web Development with React,The Hong Kong University of Science and Technology,574
4.9,Fundamentals of Machine Learning for Healthcare,Stanford University,10
4.779751332149201,Fundamentals of Graphic Design,California Institute of the Arts,2815
4.689655172413793,Fundamentals of Reinforcement Learning,Alberta Machine Intelligence Institute,377
4.751980982567353,Introduction to Game Development,Michigan State University,1262
4.75,Gamification,University of Pennsylvania,672
4.553171196948021,Google Cloud Platform Big Data and Machine Learning Fundamentals,Google Cloud,2097
4.4573170731707314,Exploring ​and ​Preparing ​your ​Data with BigQuery,Google Cloud,328
4.694018534119629,Google Cloud Platform Fundamentals: Core Infrastructure,Google Cloud,5935
4.650331125827814,Essential Google Cloud Infrastructure: Core Services,Google Cloud,755
4.707152496626181,Essential Google Cloud Infrastructure: Foundation,Google Cloud,1482
4.581430745814307,Elastic Google Cloud Infrastructure: Scaling and Automation,Google Cloud,657
4.650406504065041,Gender and Sexuality: Diversity and Inclusion in the Workplace,University of Pittsburgh,123
4.840304182509506,Introduction to Genetics and Evolution,Duke University,263
3.7349397590361444,Geopolitics of Europe,Sciences Po,83
4.7560975609756095,Gestión de organizaciones efectivas,Pontificia Universidad Católica de Chile,615
4.84984520123839,Claves para Gestionar Personas,IESE Business School,646
4.8560090702947845,Gestión Empresarial Exitosa para Pymes,Pontificia Universidad Católica de Chile,1764
4.780898876404494,Get Interactive: Practical Teaching with Technology,University of London,178
4.673352435530086,Getting Started with Essay Writing,"University of California, Irvine",698
4.562162162162162,Getting Started with Google Sheets,Google Cloud,185
4.882352941176471,Getting started with TensorFlow 2,Imperial College London,51
4.852253756260434,Fundamentals of GIS,"University of California, Davis",1198
4.639322916666667,Global Diplomacy – Diplomacy in the Modern World,University of London,768
4.679310344827586,Global Diplomacy: the United Nations in the World,University of London,290
4.720125786163522,Politics and Economics of International Energy,Sciences Po,318
4.657243816254417,Global Environmental Management,Technical University of Denmark (DTU),283
4.8557457212713935,The Global Financial Crisis,Yale University,409
4.307984790874524,Global Financial Markets and Instruments,Rice University,263
4.794520547945205,"The Sustainable Development Goals – A global, transdisciplinary vision for the future",University of Copenhagen,657
4.621359223300971,Global Energy and Climate Policy,University of London,103
4.404458598726115,Getting Started with Go,"University of California, Irvine",314
4.691489361702128,Разработка веб-сервисов на Go - основы языка,Moscow Institute of Physics and Technology,94
4.818181818181818,Become a CBRS Certified Professional Installer by Google,Google - Spectrum Sharing,33
3.94300518134715,Building Scalable Java Microservices with Spring Boot and Spring Cloud,Google Cloud,193
4.619565217391305,Google Cloud Product Fundamentals,Google Cloud,92
4.245696400625978,Getting Started with Google Kubernetes Engine,Google Cloud,639
4.487019730010384,How Google does Machine Learning,Google Cloud,963
4.75310008857396,Grammar and Punctuation,"University of California, Irvine",4516
4.59463986599665,Greening the Economy: Sustainable Cities,Lund University,597
4.726591760299626,Guitar for Beginners,Berklee College of Music,534
4.716814159292035,Healing with the Arts,University of Florida,226
4.925925925925926,Health Behavior Change: From Evidence to Action,Yale University,27
4.2727272727272725,Career 911: Your Future Job in Medicine and Healthcare,Northwestern University,11
4.777777777777778,High Stakes Leadership: Leading in Times of Crisis,University of Michigan,27
4.907407407407407,The Horse Course: Introduction to Basic Care and Management,University of Florida,270
4.808064516129032,How Things Work: An Introduction to Physics,University of Virginia,620
3.9888089528377297,Introduction to HTML5,University of Michigan,1251
4.758631512868801,"HTML, CSS, and Javascript for Web Developers",Johns Hopkins University,3186
4.666666666666667,Miracles of Human Language: An Introduction to Linguistics,Universiteit Leiden,483
4.431095406360424,The Arts and Science of Relationships: Understanding Human Needs,University of Toronto,283
4.767123287671233,Human Rights for Open Societies,Utrecht University,73
4.811111111111111,IBM Customer Engagement Specialist Professional Certificate,IBM,180
4.435294117647059,"Penetration Testing, Incident Response and Forensics",IBM,85
4.5316239316239315,Industrial IoT on Google Cloud Platform,Google Cloud,585
4.758620689655173,Fundamentals of Immunology: Innate Immunity and B-Cell Function,Rice University,203
4.816438356164384,Indigenous Canada,University of Alberta,1460
4.587743732590529,Industrial Biotechnology,University of Manchester   ,359
4.65406976744186,Information Security: Context and Introduction,"Royal Holloway, University of London",344
4.700440528634362,"Information Systems Auditing, Controls and Assurance",The Hong Kong University of Science and Technology,227
4.842696629213483,Financing and Investing in Infrastructure,Università Bocconi,356
4.764331210191083,Engineering Project Management: Initiating and Planning,Rice University,471
4.636075949367089,Innovation Management,Erasmus University Rotterdam,316
4.757894736842105,"Innovation Through Design: Think, Make, Break, Repeat",The University of Sydney,95
3.860215053763441,Instructional Design Foundations and Applications,University of Illinois at Urbana-Champaign,93
4.444444444444445,Intercultural Management,ESCP Business School,63
4.835548172757475,Introduction to International Criminal Law,Case Western Reserve University,602
4.842931937172775,International Humanitarian Law in Theory and Practice,Universiteit Leiden,191
4.751412429378531,International Law in Action: A Guide to the International Courts and Tribunals in The Hague,Universiteit Leiden,177
4.316666666666666,International migrations: a global issue,Sciences Po,60
4.801418439716312,International Organizations Management,University of Geneva,282
4.59433962264151,Understanding International Relations Theory,National Research University Higher School of Economics,106
4.658227848101266,International Security Management,Erasmus University Rotterdam,79
4.854460093896714,Rethinking International Tax Law,Universiteit Leiden,213
4.883720930232558,Introduction to Accounting Data Analytics and Visualization,University of Illinois at Urbana-Champaign,43
4.563106796116505,Introduction to Business Analytics: Communicating with Data,University of Illinois at Urbana-Champaign,103
4.825842696629214,Introduction to Chemistry:  Reactions and Ratios,Duke University,178
4.8392156862745095,Introduction to English Common Law,University of London,255
4.732971165900543,Introducción a Data Science: Programación Estadística con R,Universidad Nacional Autónoma de México,2393
4.136363636363637,Introduction to Economic Theories,Erasmus University Rotterdam,44
4.800595238095238,Code Yourself! An Introduction to Programming,The University of Edinburgh,672
4.647590361445783,Introduction to Self-Driving Cars,University of Toronto,332
4.739130434782608,Introduction to Structured Query Language (SQL),University of Michigan,713
4.0,Introduction to Healthcare,Stanford University,6
4.616487455197133,Introduction to Ancient Egypt and Its Civilization,University of Pennsylvania,558
4.909090909090909,Introduction to Classical Music,Yale University,792
4.790759075907591,Introduction to CSS3,University of Michigan,1515
4.711920529801325,Introduction to Blockchain Technologies,INSEAD,302
4.274461028192372,Introduction to Cybersecurity Tools & Cyber Attacks,IBM,1206
4.275229357798165,Introduction to Embedded Systems Software and Development Environments,University of Colorado Boulder,109
4.619596541786744,Introduction to G Suite,Google Cloud,347
4.477894736842106,Introduction to Genomic Technologies,Johns Hopkins University,475
4.791848617176128,Introduction to Git and GitHub,Google,687
4.753086419753086,Introduction to Intellectual Property,University of Pennsylvania,81
4.769230769230769,Introduction to Portfolio Construction and Analysis with Python,EDHEC Business School,195
4.672544080604534,Introduction to C# Programming and Unity,University of Colorado System,397
4.8815566835871405,Introduction to Psychology,University of Toronto,1182
4.852736318407961,Introduction to Psychology,Yale University,3015
4.67515923566879,Introduction to Statistics & Data Analysis in Public Health,Imperial College London,157
4.650616332819722,"Introduction to TensorFlow for Artificial Intelligence, Machine Learning, and Deep Learning",DeepLearning.AI,2596
4.737288135593221,Introduction to Artificial Intelligence (AI),IBM,1298
4.878402903811252,Introduction to Calculus,The University of Sydney,551
4.819277108433735,Introduction to Cloud Computing,IBM,83
3.920289855072464,Introduction to Computer Programming,University of London,138
4.6,Introduction to Computers and Office Productivity Software,The Hong Kong University of Science and Technology,35
4.777777777777778,Introduction to Data Analytics,IBM,18
4.548746518105849,Introduction to Software Product Management,University of Alberta,1077
3.463768115942029,"Introduction to Trading, Machine Learning & GCP",New York Institute of Finance,138
4.7591623036649215,Introduction to User Experience Principles and Processes,University of Michigan,191
4.488188976377953,Investment Management in an Evolving and Volatile World by HEC Paris and AXA Investment Managers,HEC Paris,127
4.763485477178423,IT Security: Defense against the digital dark arts,Google,1446
3.611111111111111,Japanese for beginners 1,Saint Petersburg State University,36
4.435828877005347,Java Programming: Solving Problems with Software,Duke University,1122
4.819536423841059,English for Journalism,University of Pennsylvania,604
4.557632398753894,Kotlin for Java Developers,JetBrains,321
4.680412371134021,A Law Student's Toolkit,Yale University,291
4.745762711864407,Leadership in 21st Century Organizations,Copenhagen Business School,236
4.7105263157894735,"Leading for Equity, Diversity and Inclusion in Higher Education",University of Michigan,38
4.796844181459566,Chinese for Beginners,Peking University,3549
4.869848156182212,First Step Korean,Yonsei University,5993
4.896234309623431,Learn to Speak Korean 1,Yonsei University,1195
4.734966592427617,Learn to Program: The Fundamentals,University of Toronto,1347
4.801196192401651,Learning How to Learn: Powerful mental tools to help you master tough subjects,University of California San Diego,11871
4.386363636363637,Legal Tech & Startups,IE Business School,44
4.968,El Abogado del Futuro: Legaltech y la Transformación Digital del Derecho,Universidad Austral,125
4.57273280584297,Mathematics for Machine Learning: Linear Algebra,Imperial College London,1643
4.712328767123288,Love as a Force for Social Justice,Stanford University,73
4.739922694643843,Machine Learning,Stanford University,12677
4.574370709382151,Machine Learning for Business Professionals,Google Cloud,874
4.655813953488372,Introduction to Machine Learning,Duke University,215
4.7074718526100305,Structuring Machine Learning Projects,DeepLearning.AI,4885
4.492443324937028,Machine Learning with Python,IBM,1588
4.7112970711297075,Management of Fashion and Luxury Companies,Università Bocconi,956
4.54353562005277,Magic in the Middle Ages,Universitat de Barcelona,379
4.823275862068965,Making Architecture,IE School of Architecture & Design,232
4.818545697131421,Mind Control: Managing Your Mental Health During COVID-19,University of Toronto,1499
4.73404255319149,Managing as a Coach,"University of California, Davis",282
4.835942818243703,Preparing to Manage Human Resources,University of Minnesota,1469
4.725449335764522,Marketing in a Digital World,University of Illinois at Urbana-Champaign,3839
4.722745625841184,Marketing Gerencial,Universidad de Chile,743
4.45945945945946,Mastering Final Cut Pro,LearnQuest,37
4.786036036036036,Introduction to Mathematical Thinking,Stanford University,444
4.627403846153846,Математика и Python для анализа данных,Moscow Institute of Physics and Technology,832
4.811858974358974,Introduction to Programming with MATLAB,Vanderbilt University,3120
4.757009345794392,Bayesian Statistics: Techniques and Models,"University of California, Santa Cruz",107
4.904135338345864,Medical Neuroscience,Duke University,532
4.925093632958801,Understanding Medical Research: Your Facebook Friend is Wrong,Yale University,267
4.258620689655173,Memoir and Personal Essay: Managing Your Relationship with the Reader,Wesleyan University,58
4.614457831325301,The Social Context of Mental Health and Illness,University of Toronto,83
4.7370517928286855,Gut Check: Exploring Your Microbiome,University of Colorado Boulder,251
4.8293333333333335,Microeconomics Principles,University of Illinois at Urbana-Champaign,375
4.842684268426843,Mindshift: Break Through Obstacles to Learning and Discover Your Hidden Potential,McMaster University,2727
4.487741456166419,Machine Learning Foundations: A Case Study Approach,University of Washington,2692
4.772251308900524,Model Thinking,University of Michigan,382
4.780016792611251,Modern Art & Ideas,The Museum of Modern Art,1191
4.815175097276264,"The Modern World, Part One: Global History from 1760 to 1910",University of Virginia,514
4.793103448275862,"The Modern World, Part Two: Global History since 1910",University of Virginia,290
4.887719298245614,Economics of Money and Banking,Columbia University,285
4.871060171919771,Moral Foundations of Politics,Yale University,698
4.840909090909091,Moralities of Everyday Life,Yale University,572
4.828644501278772,Inspiring and Motivating Individuals,University of Michigan,782
4.642241379310345,Mathematics for Machine Learning: Multivariate Calculus,Imperial College London,696
4.856209150326797,Music Business Foundations,Berklee College of Music,459
4.263736263736264,Getting Started With Music Theory,Michigan State University,182
4.775743707093821,Greek and Roman Mythology,University of Pennsylvania,437
4.956989247311828,Build a Modern Computer from First Principles: Nand to Tetris Part II (project-centered course),Hebrew University of Jerusalem,93
4.84,Nanotechnology: A Maker’s Course,Duke University,450
4.254062038404727,Natural Language Processing in TensorFlow,DeepLearning.AI,677
4.818181818181818,Negociación exitosa: Estrategias y habilidades esenciales (en español),University of Michigan,715
4.883429672447013,Introduction to Negotiation: A Strategic Playbook for Becoming a Principled and Persuasive Negotiator,Yale University,1038
4.805507145346811,Successful Negotiation: Essential Strategies and Skills,University of Michigan,2869
4.77123332248617,Neural Networks and Deep Learning,DeepLearning.AI,12292
4.897435897435898,Understanding the Brain: The Neurobiology of Everyday Life,The University of Chicago,507
4.612903225806452,Introduction to Neuroeconomics: How the Brain Makes Decisions,National Research University Higher School of Economics,279
4.648648648648648,An Introduction to Consumer Neuroscience & Neuromarketing,Copenhagen Business School,518
4.639498432601881,Fundamental Neuroscience for Neuroimaging,Johns Hopkins University,319
4.633866481223922,Sequence Models,DeepLearning.AI,2876
4.6061381074168795,"Social Norms, Social Change I",Unicef,391
4.789231779382797,Nutrición y obesidad: control de sobrepeso,Universidad Nacional Autónoma de México,1523
4.763440860215054,Nutrition and Lifestyle in Pregnancy,Ludwig-Maximilians-Universität München (LMU),465
4.542553191489362,Object-Oriented Design,University of Alberta,282
4.66890756302521,Object Oriented Programming in Java,University of California San Diego,1190
4.823214285714286,Oil & Gas Industry Operations and Markets,Duke University,1120
4.012816072047108,Tools for Data Science,IBM,2887
4.923913043478261,The Oral Cavity: Portal to Health and Disease,University of Pennsylvania,92
4.826086956521739,International Leadership and Organizational Behavior,Università Bocconi,460
4.503410641200546,Operating Systems and You: Becoming a Power User,Google,2199
4.921739130434783,In the Studio: Postwar Abstract Painting,The Museum of Modern Art,460
4.870596959584724,Primeros Auxilios Psicológicos (PAP),Universitat Autònoma de Barcelona,2697
3.4482758620689653,Mathematics for Machine Learning: PCA,Imperial College London,522
4.6328125,The Manager's Toolkit: A Practical Guide to Managing People at Work,"Birkbeck, University of London",512
4.807162534435261,Perfect Tenses and Modals,"University of California, Irvine",726
4.447368421052632,Introduction to Personal Branding,University of Virginia,1976
4.698874917273329,Introduction to Philosophy,The University of Edinburgh,1511
4.552511415525114,Philosophy and the Sciences: Introduction to the Philosophy of Cognitive Sciences,The University of Edinburgh,219
4.77599142550911,Seeing Through Photographs,The Museum of Modern Art,933
4.780250347705146,Introductory Human Physiology,Duke University,719
4.825958702064897,Understanding Plants - Part I: What a Plant Knows,Tel Aviv University,339
4.052631578947368,Ancient Philosophy: Plato & His Predecessors,University of Pennsylvania,76
4.819012797074954,Positive Psychiatry and Mental Health,The University of Sydney,547
4.659316427783903,Positive Psychology,The University of North Carolina at Chapel Hill,907
4.741206030150754,Positive Psychology: Applications and Interventions,University of Pennsylvania,398
4.886409736308316,Positive Psychology: Resilience Skills,University of Pennsylvania,493
4.86144578313253,Positive Psychology: Martin E. P. Seligman’s Visionary Science,University of Pennsylvania,1328
4.575949367088608,Effective Business Presentations with Powerpoint,PwC,158
4.461290322580645,Practical Time Series Analysis,The State University of New York,310
4.53784860557769,Preparing for the Google Cloud Associate Cloud Engineer Exam,Google Cloud,251
4.443037974683544,Preparing for the Google Cloud Professional Cloud Architect Exam,Google Cloud,158
4.619047619047619,The Power of Macroeconomics: Economic Principles in the Real World,"University of California, Irvine",504
4.62962962962963,The Power of Microeconomics: Economic Principles in the Real World,"University of California, Irvine",270
4.78125,Privacy Law and Data Protection,University of Pennsylvania,64
4.762250453720508,Private Equity and Venture Capital,Università Bocconi,1102
4.555555555555555,Natural Language Processing with Probabilistic Models,DeepLearning.AI,99
4.599605522682446,Introduction to Probability and Data with R,Duke University,1014
4.669642857142857,Probability and Statistics: To p or not to p?,University of London,336
4.68,Process Mining: Data science in Action,Eindhoven University of Technology,200
4.82830626450116,The Art of Music Production,Berklee College of Music,431
4.801294498381877,Write Professional Emails in English,Georgia Institute of Technology,3090
4.719163763066202,Functional Programming Principles in Scala,École Polytechnique Fédérale de Lausanne,1435
4.643485211830535,Programming Fundamentals,Duke University,1251
4.918575063613232,"Programming Languages, Part A",University of Washington,393
3.7222222222222223,Project Execution,"University of California, Irvine",18
4.361111111111111,Project Launch,"University of California, Irvine",36
4.714285714285714,Initiating and Planning Projects,"University of California, Irvine",2961
4.35,Project Planning,"University of California, Irvine",20
4.774352651048089,Managing Project Risks and Changes,"University of California, Irvine",811
4.841421736158578,Psychological First Aid,Johns Hopkins University,2926
4.5661764705882355,Public Policy Challenges of the 21st Century,University of Virginia,272
4.812807881773399,Introduction to Public Speaking,University of Washington,406
4.583672665177985,Programming for Everybody (Getting Started with Python),University of Michigan,15226
4.794927853082641,Python Basics,University of Michigan,2287
4.7251624883936865,Crash Course on Python,Google,3231
4.849851164419541,Python Data Structures,University of Michigan,11422
4.234324104234528,Introduction to Data Science in Python,University of Michigan,4912
4.508108108108108,"Capstone: Retrieving, Processing, and Visualizing Data with Python",University of Michigan,1295
4.7011922503725785,Using Databases with Python,University of Michigan,2684
4.291478260869566,Python for Data Science and AI,IBM,2875
4.045252883762201,Data Visualization with Python,IBM,1127
4.805607476635514,"Python Functions, Files, and Dictionaries",University of Michigan,535
4.488471391972673,Applied Machine Learning in Python,University of Michigan,1171
4.714109483423284,Using Python to Access Web Data,University of Michigan,6485
4.55049504950495,Using Python to Interact with the Operating System,Google,505
4.293893129770993,Основы программирования на Python,National Research University Higher School of Economics,524
4.339160839160839,"Applied Plotting, Charting & Data Representation in Python",University of Michigan,858
4.661498708010336,Python Programming: A Concise Introduction,Wesleyan University,1161
4.270022883295194,Python and Statistics for Financial Analysis,The Hong Kong University of Science and Technology,437
4.78494623655914,Leading Healthcare Quality and Safety,The George Washington University,186
4.7132743362831855,Quantitative Methods,University of Amsterdam,565
3.2045454545454546,The Introduction to Quantum Computing,Saint Petersburg State University,44
4.245404868355688,R Programming,Johns Hopkins University,4026
4.510204081632653,Race and Cultural Diversity in American Life and History,University of Illinois at Urbana-Champaign,98
3.84375,"Recruiting, Hiring, and Onboarding Employees",University of Minnesota,192
4.816666666666666,Refugees in the 21st Century,University of London,60
5.0,How to Manage a Remote Team,GitLab,5
5.0,Removing Barriers to Change,University of Pennsylvania,8
4.714652956298201,Renewable Energy and Green Building Entrepreneurship,Duke University,389
4.6415094339622645,Reporting extra-financier et stratégie RSE,ESSEC Business School,53
4.579588728103579,Understanding Research Methods,University of London,1313
4.394009216589862,Réussir le Changement,ESSEC Business School,434
4.9211087420042645,Revisão Sistemática e Meta-análise,Universidade Estadual de Campinas,469
4.805369127516778,Advertising and Society,Duke University,149
4.850393700787402,Roman Architecture,Yale University,127
4.449664429530201,Sample-based Learning Methods,Alberta Machine Intelligence Institute,149
4.8808777429467085,Getting Started with SAS Programming,SAS,319
4.7305524239007894,Budgeting and Scheduling Projects,"University of California, Irvine",887
4.7040358744394615,Schizophrenia,Wesleyan University,223
4.836016096579477,Science of Exercise,University of Colorado Boulder,994
4.919129082426127,Writing in the Sciences,Stanford University,1286
4.907216494845361,Driving business towards the Sustainable Development Goals,Erasmus University Rotterdam,97
4.585099939430648,Introduction to Search Engine Optimization,"University of California, Davis",1651
4.921052631578948,"Introduction to Self-Determination Theory: An approach to motivation, development and wellness",University of Rochester,76
4.719745222929936,Search Engine Optimization Fundamentals,"University of California, Davis",471
3.967741935483871,Natural Language Processing with Sequence Models,DeepLearning.AI,62
4.163265306122449,Site Reliability Engineering: Measuring and Managing Reliability,Google Cloud,147
4.711822660098522,Six Sigma and the Organization (Advanced),University System of Georgia,406
4.529531568228106,Six Sigma Principles,University System of Georgia,982
4.694444444444445,"Sleep: Neurobiology, Medicine, and Society",University of Michigan,72
4.594594594594595,Smart Cities – Management of Smart Urban Infrastructures,École Polytechnique Fédérale de Lausanne,222
1.0,Social and Economic Networks:  Models and Analysis,Stanford University,6
4.855263157894737,Social Impact Strategy: Tools for Entrepreneurs and Innovators,University of Pennsylvania,228
4.241379310344827,Becoming a changemaker: Introduction to Social Innovation,University of Cape Town,58
4.8125,Introduction to Social Media Marketing,Facebook,48
4.83453237410072,Social Psychology,Wesleyan University,1251
4.8,Social Work Practice: Advocating Social Justice and Change,University of Michigan,5
4.6747352496217855,Software Processes and Agile Practices,University of Alberta,661
4.767726161369193,Solar Energy Basics,The State University of New York,409
4.75,Songwriting: Writing the Lyrics,Berklee College of Music,176
4.0,Spanish for Successful Communication in Healthcare Settings,Rice University,6
4.518828451882845,Spanish Vocabulary: Meeting People,"University of California, Davis",478
4.749771689497717,"Speak English Professionally: In Person, Online & On the Phone",Georgia Institute of Technology,2190
4.607843137254902,Introduction to Molecular Spectroscopy,University of Manchester   ,408
4.699074074074074,Sports Marketing,Northwestern University,216
4.87962962962963,Sports and Society,Duke University,216
4.38131122833459,Databases and SQL for Data Science,IBM,1327
4.494867639113992,SQL for Data Science,"University of California, Davis",1851
4.887179487179488,Improving your statistical inferences,Eindhoven University of Technology,195
4.734177215189874,The Science of Stem Cells,American Museum of Natural History,316
4.168674698795181,Stochastic processes,National Research University Higher School of Economics,83
4.75,Strategic Business Management - Microeconomics,"University of California, Irvine",28
4.785333333333333,Strategic Management,Copenhagen Business School,750
4.848101265822785,The Science of Success: What Researchers Know that You Should Know,University of Michigan,553
4.793991416309013,Summary Statistics in Public Health,Johns Hopkins University,233
4.710656316160903,Supply Chain Logistics,Rutgers the State University of New Jersey,1417
4.561933534743202,Supply Chain Principles,Georgia Institute of Technology,331
4.769771528998243,Introduction to Sustainability,University of Illinois at Urbana-Champaign,569
4.841269841269841,Sustainable Fashion,Copenhagen Business School,126
4.833333333333333,Principles of Sustainable Finance,Erasmus University Rotterdam,48
4.5041322314049586,Sustainable Tourism – promoting environmental public health,University of Copenhagen,242
4.657158529895776,System Administration and IT Infrastructure Services,Google,1823
4.774250440917108,Introduction to Systematic Review and Meta-Analysis,Johns Hopkins University,567
4.7317073170731705,Introduction to Systems Engineering,UNSW Sydney (The University of New South Wales),82
4.513888888888889,Systems Thinking In Public Health,Johns Hopkins University,144
4.786637931034483,Learning to Teach Online,UNSW Sydney (The University of New South Wales),928
4.544303797468355,Teach English Now! Teaching Language Online,Arizona State University,79
4.772954924874791,Teamwork Skills: Communicating Effectively in Groups,University of Colorado Boulder,599
4.76748237245956,Technical Support Fundamentals,Google,12055
4.851063829787234,The Technology of Music Production,Berklee College of Music,235
4.453815261044177,"Sequences, Time Series and Prediction",DeepLearning.AI,498
4.752508361204013,Terrorism and Counterterrorism: Comparing Theory and Practice,Universiteit Leiden,598
4.6,The Business of Product Management I,Advancing Women in Product,5
4.861111111111111,The Cycle: Management of Successful Arts and Cultural Organizations,"University of Maryland, College Park",108
4.929503597999756,The Science of Well-Being,Yale University,8199
4.907407407407407,Paleontology: Theropod Dinosaurs and the Origin of Birds,University of Alberta,324
4.830985915492958,Transformation of the Global Food System,University of Copenhagen,71
4.715976331360947,"Transmedia Storytelling: Narrative worlds, emerging technologies, and global audiences",UNSW Sydney (The University of New South Wales),169
4.740924092409241,Tricky American English Pronunciation,"University of California, Irvine",606
4.872340425531915,Troubles du spectre de l'autisme : diagnostic,University of Geneva,94
4.189944134078212,Troubleshooting and Debugging Techniques,Google,179
4.802631578947368,"Anatomy of the Chest, Abdomen, and Pelvis",Yale University,228
4.580645161290323,Osteoarchaeology: The Truth in Our Bones,Universiteit Leiden,124
4.762962962962963,Introduction to Typography,California Institute of the Arts,810
4.5969125214408235,Think Again I: How to Understand Arguments,Duke University,583
4.703271028037383,Understanding Financial Markets,University of Geneva,856
4.542207792207792,Understanding and Visualizing Data with Python,University of Michigan,308
4.675814751286449,Machine Learning for All,University of London,583
4.7272727272727275,Agile и Scrum в работе над проектами и продуктами,E-Learning Development Fund,44
4.4774774774774775,Introduction to User Experience Design,Georgia Institute of Technology,777
4.65625,Managing an Agile Team,University of Virginia,192
4.5,Hypothesis-Driven Development,University of Virginia,106
4.810344827586207,Cost and Economics in Pricing Strategy,BCG,116
4.548523206751055,Continuous Delivery & DevOps,University of Virginia,237
4.667032364234778,Design Thinking for Innovation,University of Virginia,1823
4.583333333333333,Design Thinking for the Greater Good: Innovation in the Social Sector,University of Virginia,84
4.727395411605938,Digital Product Management: Modern Fundamentals,University of Virginia,741
4.837772397094431,Financial Accounting Fundamentals,University of Virginia,413
4.795154185022026,Foundations of Business Strategy,University of Virginia,454
4.750390015600624,Agile Meets Design Thinking,University of Virginia,641
4.87012987012987,Managerial Accounting Fundamentals,University of Virginia,77
4.660468319559229,Marketing Analytics,University of Virginia,1452
4.764134275618375,Fundamentals of Project Planning and Management,University of Virginia,1132
4.767068273092369,UX Design Fundamentals,California Institute of the Arts,249
4.341269841269841,UX / UI: Fundamentos para o design de interface,Universidade de São Paulo,126
4.736363636363636,Verb Tenses and Passives,"University of California, Irvine",330
4.747323340471092,Version Control with Git,Atlassian,467
4.6,Visual Elements of User Interface Design,California Institute of the Arts,760
4.826943005181347,Vital Signs: Understanding What the Body Is Telling Us,University of Pennsylvania,965
4.723684210526316,VLSI CAD Part I: Logic,University of Illinois at Urbana-Champaign,76
4.65335463258786,Introduction to Web Development,"University of California, Davis",626
4.73936170212766,Weight Management: Beyond Balancing Calories,Emory University,188
4.755240027045301,Introduction to Financial Accounting,University of Pennsylvania,1479
4.7,Improving Communication Skills,University of Pennsylvania,360
4.7544128933231,Viral Marketing and How to Craft Contagious Content,University of Pennsylvania,1303
4.484615384615385,Cryptocurrency and Blockchain: An Introduction to Digital Currencies,University of Pennsylvania,130
4.451518119490696,Customer Analytics,University of Pennsylvania,2042
4.77906976744186,Entrepreneurship 1: Developing the Opportunity,University of Pennsylvania,688
4.437118437118437,Introduction to Corporate Finance,University of Pennsylvania,819
4.810526315789474,More Introduction to Financial Accounting,University of Pennsylvania,95
4.57037037037037,"FinTech: Foundations, Payments, and Regulations",University of Pennsylvania,270
3.6188811188811187,Introduction to Spreadsheets and Models,University of Pennsylvania,572
4.778761061946903,Entrepreneurship 2: Launching your Start-Up,University of Pennsylvania,226
4.746014877789586,Introduction to Marketing,University of Pennsylvania,1882
4.297008547008547,Introduction to Operations Management,University of Pennsylvania,468
4.660240963855422,Operations Analytics,University of Pennsylvania,830
4.511758118701008,People Analytics,University of Pennsylvania,893
4.537007874015748,Fundamentals of Quantitative Modeling,University of Pennsylvania,1270
4.902985074626866,Success,University of Pennsylvania,268
4.246458923512748,Mathematical Thinking in Computer Science,University of California San Diego,353
4.798319327731092,What is Compliance?,University of Pennsylvania,119
4.622820062187373,What is Data Science?,IBM,7397
4.5860517435320585,What is Social?,Northwestern University,889
4.717252396166134,Wind Energy,Technical University of Denmark (DTU),1252
4.490384615384615,Wine Tasting: Sensory Techniques for Wine Analysis,"University of California, Davis",104
4.884297520661157,International Women's Health and Human Rights,Stanford University,242
4.625,Write A Feature Length Screenplay For Film Or Television,Michigan State University,32
3.85,Write Your First Novel,Michigan State University,20
4.742857142857143,Writing and Editing: Word Choice and Word Order,University of Michigan,105
4.818742293464858,Business Writing,University of Colorado Boulder,811
